lastUpdated,title,url
" This page was last edited on 6 June 2022, at 14:19",Kevin Bacon,https://en.wikipedia.org/wiki/Kevin_Bacon
" This page was last edited on 29 May 2022, at 06:20",The Times,https://en.wikipedia.org/wiki/The_Times
" This page was last edited on 28 January 2022, at 18:20",It's a New Day (will.i.am song),https://en.wikipedia.org/wiki/It%27s_a_New_Day_(Will.i.am_song)
" This page was last edited on 12 December 2021, at 23:48",Boston Society of Film Critics Award for Best Cast,https://en.wikipedia.org/wiki/Boston_Society_of_Film_Critics_Award_for_Best_Cast
" This page was last edited on 12 December 2021, at 23:49",Boston Society of Film Critics,https://en.wikipedia.org/wiki/Boston_Society_of_Film_Critics
" This page was last edited on 17 March 2022, at 02:21",Upper West Side,https://en.wikipedia.org/wiki/Upper_West_Side
" This page was last edited on 6 June 2022, at 09:08",Ponzi scheme,https://en.wikipedia.org/wiki/Ponzi_scheme
" This page was last edited on 29 May 2022, at 01:10",Blockbuster Entertainment Awards,https://en.wikipedia.org/wiki/Blockbuster_Entertainment_Awards
" This page was last edited on 24 May 2022, at 00:33",Finding Your Roots,https://en.wikipedia.org/wiki/Finding_Your_Roots
" This page was last edited on 4 June 2022, at 12:32",Henry Louis Gates Jr.,https://en.wikipedia.org/wiki/Henry_Louis_Gates
" This page was last edited on 23 May 2022, at 03:05",Erdős–Bacon number,https://en.wikipedia.org/wiki/Erd%C5%91s%E2%80%93Bacon_number
" This page was last edited on 11 October 2021, at 19:50",Pyrates,https://en.wikipedia.org/wiki/Pyrates
" This page was last edited on 25 January 2022, at 06:50",Lanford Wilson,https://en.wikipedia.org/wiki/Lanford_Wilson
" This page was last edited on 23 January 2022, at 18:13",The Bacon Brothers,https://en.wikipedia.org/wiki/The_Bacon_Brothers
" This page was last edited on 5 May 2022, at 20:27",Erdős number,https://en.wikipedia.org/wiki/Erd%C5%91s_number
" This page was last edited on 2 June 2022, at 09:33",Mads Mikkelsen,https://en.wikipedia.org/wiki/Mads_Mikkelsen
" This page was last edited on 23 May 2022, at 08:42",Paul Erdős,https://en.wikipedia.org/wiki/Paul_Erd%C5%91s
" This page was last edited on 5 June 2022, at 01:28",Bryan Cranston,https://en.wikipedia.org/wiki/Bryan_Cranston
" This page was last edited on 21 May 2022, at 21:20",Alexander Skarsgård,https://en.wikipedia.org/wiki/Alexander_Skarsg%C3%A5rd
" This page was last edited on 3 June 2022, at 13:27",Ben Kingsley,https://en.wikipedia.org/wiki/Ben_Kingsley
" This page was last edited on 3 June 2022, at 16:23",Christopher Reeve,https://en.wikipedia.org/wiki/Christopher_Reeve
" This page was last edited on 5 June 2022, at 09:57",Jeremy Irons,https://en.wikipedia.org/wiki/Jeremy_Irons
